작성자ID,닉네임,전화번호
callor@callor.com,내멋으로,
callor@callor.com,내멋으로,
callor@callor.com,내멋으로,
callor@callor.com,내멋으로,
callor@callor.com,내멋으로,
callor@callor.com,내멋으로,
callor@callor.com,내멋으로,
callor@callor.com,내멋으로,
callor@callor.com,내멋으로,
callor@callor.com,내멋으로,
callor@callor.com,내멋으로,
callor@callor.com,내멋으로,
callor@callor.com,내멋으로,
callor@callor.com,내멋으로,
callor@callor.com,내멋으로,
callor@callor.com,내멋으로,
callor@callor.com,내멋으로,
callor@callor.com,내멋으로,
callor@callor.com,내멋으로,
callor@callor.com,내멋으로,
callor@callor.com,내멋으로,
callor@callor.com,내멋으로,
callor@callor.com,내멋으로,
callor@callor.com,내멋으로,
callor@callor.com,내멋으로,
callor@callor.com,내멋으로,
callor@callor.com,내멋으로,
callor@callor.com,내멋으로,
callor@callor.com,내멋으로,
callor@callor.com,내멋으로,
callor@callor.com,내멋으로,
callor@callor.com,내멋으로,
callor@callor.com,내멋으로,
callor@callor.com,내멋으로,
callor@callor.com,내멋으로,
callor@callor.com,내멋으로,
callor@callor.com,내멋으로,
callor@callor.com,내멋으로,
callor@callor.com,내멋으로,
callor@callor.com,내멋으로,
callor@callor.com,내멋으로,
callor@callor.com,내멋으로,
callor@callor.com,내멋으로,
callor@callor.com,내멋으로,
callor@callor.com,내멋으로,
callor@callor.com,내멋으로,
callor@callor.com,내멋으로,
callor@callor.com,내멋으로,
callor@callor.com,내멋으로,
callor@callor.com,내멋으로,
callor@callor.com,내멋으로,
callor@callor.com,내멋으로,
callor@callor.com,내멋으로,
callor@callor.com,내멋으로,
callor@callor.com,내멋으로,
callor@callor.com,내멋으로,
callor@callor.com,내멋으로,
callor@callor.com,내멋으로,
callor@callor.com,내멋으로,
callor@callor.com,내멋으로,
callor@callor.com,내멋으로,
callor@callor.com,내멋으로,
callor@callor.com,내멋으로,
callor@callor.com,내멋으로,
callor@callor.com,내멋으로,
callor@callor.com,내멋으로,
callor@callor.com,내멋으로,
callor@callor.com,내멋으로,
callor@callor.com,내멋으로,
callor@callor.com,내멋으로,
callor@callor.com,내멋으로,
callor@callor.com,내멋으로,
callor@callor.com,내멋으로,
callor@callor.com,내멋으로,
callor@callor.com,내멋으로,
callor@callor.com,내멋으로,
callor@callor.com,내멋으로,
callor@callor.com,내멋으로,
callor@callor.com,내멋으로,
callor@callor.com,내멋으로,
callor@callor.com,내멋으로,
callor@callor.com,내멋으로,
callor@callor.com,내멋으로,
callor@callor.com,내멋으로,
callor@callor.com,내멋으로,
callor@callor.com,내멋으로,
callor@callor.com,내멋으로,
callor@callor.com,내멋으로,
callor@callor.com,내멋으로,
callor@callor.com,내멋으로,
callor@callor.com,내멋으로,
callor@callor.com,내멋으로,
callor@callor.com,내멋으로,
callor@callor.com,내멋으로,
callor@callor.com,내멋으로,
callor@callor.com,내멋으로,
callor@callor.com,내멋으로,
callor@callor.com,내멋으로,
callor@callor.com,내멋으로,
callor@callor.com,내멋으로,
callor@callor.com,내멋으로,
callor@callor.com,내멋으로,
callor@callor.com,내멋으로,
callor@callor.com,내멋으로,
callor@callor.com,내멋으로,
callor@callor.com,내멋으로,
callor@callor.com,내멋으로,
callor@callor.com,내멋으로,
callor@callor.com,내멋으로,
callor@callor.com,내멋으로,
callor@callor.com,내멋으로,
callor@callor.com,내멋으로,
callor@callor.com,내멋으로,
callor@callor.com,내멋으로,
callor@callor.com,내멋으로,
callor@callor.com,내멋으로,
callor@callor.com,내멋으로,
callor@callor.com,내멋으로,
callor@callor.com,내멋으로,
callor@callor.com,내멋으로,
callor@callor.com,내멋으로,
callor@callor.com,내멋으로,
callor@callor.com,내멋으로,
callor@callor.com,내멋으로,
callor@callor.com,내멋으로,
callor@callor.com,내멋으로,
callor@callor.com,내멋으로,
callor@callor.com,내멋으로,
callor@callor.com,내멋으로,
callor@callor.com,내멋으로,
callor@callor.com,내멋으로,
callor@callor.com,내멋으로,
callor@callor.com,내멋으로,
callor@callor.com,내멋으로,
callor@callor.com,내멋으로,
callor@callor.com,내멋으로,
callor@callor.com,내멋으로,
callor@callor.com,내멋으로,
callor@callor.com,내멋으로,
callor@callor.com,내멋으로,
callor@callor.com,내멋으로,
callor@callor.com,내멋으로,
callor@callor.com,내멋으로,
callor@callor.com,내멋으로,
callor@callor.com,내멋으로,
callor@callor.com,내멋으로,
callor@callor.com,내멋으로,
callor@callor.com,내멋으로,
callor@callor.com,내멋으로,
callor@callor.com,내멋으로,
callor@callor.com,내멋으로,
callor@callor.com,내멋으로,
callor@callor.com,내멋으로,
callor@callor.com,내멋으로,
callor@callor.com,내멋으로,
callor@callor.com,내멋으로,
callor@callor.com,내멋으로,
callor@callor.com,내멋으로,
callor@callor.com,내멋으로,
callor@callor.com,내멋으로,
callor@callor.com,내멋으로,
callor@callor.com,내멋으로,
callor@callor.com,내멋으로,
callor@callor.com,내멋으로,
callor@callor.com,내멋으로,
callor@callor.com,내멋으로,
callor@callor.com,내멋으로,
callor@callor.com,내멋으로,
callor@callor.com,내멋으로,
callor@callor.com,내멋으로,
callor@callor.com,내멋으로,
callor@callor.com,내멋으로,
callor@callor.com,내멋으로,
callor@callor.com,내멋으로,
callor@callor.com,내멋으로,
callor@callor.com,내멋으로,
callor@callor.com,내멋으로,
callor@callor.com,내멋으로,
callor@callor.com,내멋으로,
callor@callor.com,내멋으로,
callor@callor.com,내멋으로,
callor@callor.com,내멋으로,
callor@callor.com,내멋으로,
callor@callor.com,내멋으로,
callor@callor.com,내멋으로,
callor@callor.com,내멋으로,
callor@callor.com,내멋으로,
callor@callor.com,내멋으로,
callor@callor.com,내멋으로,
callor@callor.com,내멋으로,
callor@callor.com,내멋으로,
callor@callor.com,내멋으로,
callor@callor.com,내멋으로,
callor@callor.com,내멋으로,
callor@callor.com,내멋으로,
callor@callor.com,내멋으로,
callor@callor.com,내멋으로,
callor@callor.com,내멋으로,
callor@callor.com,내멋으로,
callor@callor.com,내멋으로,
callor@callor.com,내멋으로,
callor@callor.com,내멋으로,
callor@callor.com,내멋으로,
callor@callor.com,내멋으로,
callor@callor.com,내멋으로,
callor@callor.com,내멋으로,
callor@callor.com,내멋으로,
callor@callor.com,내멋으로,
callor@callor.com,내멋으로,
callor@callor.com,내멋으로,
callor@callor.com,내멋으로,
callor@callor.com,내멋으로,
callor@callor.com,내멋으로,
callor@callor.com,내멋으로,
callor@callor.com,내멋으로,
callor@callor.com,내멋으로,
callor@callor.com,내멋으로,
callor@callor.com,내멋으로,
callor@callor.com,내멋으로,
callor@callor.com,내멋으로,
callor@callor.com,내멋으로,
callor@callor.com,내멋으로,
callor@callor.com,내멋으로,
callor@callor.com,내멋으로,
callor@callor.com,내멋으로,
callor@callor.com,내멋으로,
callor@callor.com,내멋으로,
callor@callor.com,내멋으로,
callor@callor.com,내멋으로,
callor@callor.com,내멋으로,
callor@callor.com,내멋으로,
callor@callor.com,내멋으로,
callor@callor.com,내멋으로,
callor@callor.com,내멋으로,
callor@callor.com,내멋으로,
callor@callor.com,내멋으로,
callor@callor.com,내멋으로,
callor@callor.com,내멋으로,
callor@callor.com,내멋으로,
callor@callor.com,내멋으로,
callor@callor.com,내멋으로,
callor@callor.com,내멋으로,
callor@callor.com,내멋으로,
callor@callor.com,내멋으로,
callor@callor.com,내멋으로,
callor@callor.com,내멋으로,
callor@callor.com,내멋으로,
callor@callor.com,내멋으로,
callor@callor.com,내멋으로,
callor@callor.com,내멋으로,
callor@callor.com,내멋으로,
callor@callor.com,내멋으로,
callor@callor.com,내멋으로,
callor@callor.com,내멋으로,
callor@callor.com,내멋으로,
callor@callor.com,내멋으로,
callor@callor.com,내멋으로,
callor@callor.com,내멋으로,
callor@callor.com,내멋으로,
callor@callor.com,내멋으로,
callor@callor.com,내멋으로,
callor@callor.com,내멋으로,
callor@callor.com,내멋으로,
callor@callor.com,내멋으로,
callor@callor.com,내멋으로,
callor@callor.com,내멋으로,
callor@callor.com,내멋으로,
callor@callor.com,내멋으로,
callor@callor.com,내멋으로,
callor@callor.com,내멋으로,
callor@callor.com,내멋으로,
callor@callor.com,내멋으로,
callor@callor.com,내멋으로,
callor@callor.com,내멋으로,
callor@callor.com,내멋으로,
callor@callor.com,내멋으로,
callor@callor.com,내멋으로,
callor@callor.com,내멋으로,
callor@callor.com,내멋으로,
callor@callor.com,내멋으로,
callor@callor.com,내멋으로,
callor@callor.com,내멋으로,
callor@callor.com,내멋으로,
callor@callor.com,내멋으로,
callor@callor.com,내멋으로,
callor@callor.com,내멋으로,
callor@callor.com,내멋으로,
callor@callor.com,내멋으로,
callor@callor.com,내멋으로,
callor@callor.com,내멋으로,
callor@callor.com,내멋으로,
callor@callor.com,내멋으로,
callor@callor.com,내멋으로,
callor@callor.com,내멋으로,
callor@callor.com,내멋으로,
callor@callor.com,내멋으로,
callor@callor.com,내멋으로,
callor@callor.com,내멋으로,
callor@callor.com,내멋으로,
callor@callor.com,내멋으로,
callor@callor.com,내멋으로,
callor@callor.com,내멋으로,
callor@callor.com,내멋으로,
callor@callor.com,내멋으로,
callor@callor.com,내멋으로,
callor@callor.com,내멋으로,
callor@callor.com,내멋으로,
callor@callor.com,내멋으로,
callor@callor.com,내멋으로,
callor@callor.com,내멋으로,
callor@callor.com,내멋으로,
callor@callor.com,내멋으로,
callor@callor.com,내멋으로,
callor@callor.com,내멋으로,
callor@callor.com,내멋으로,
callor@callor.com,내멋으로,
callor@callor.com,내멋으로,
callor@callor.com,내멋으로,
callor@callor.com,내멋으로,
callor@callor.com,내멋으로,
callor@callor.com,내멋으로,
callor@callor.com,내멋으로,
callor@callor.com,내멋으로,
callor@callor.com,내멋으로,
callor@callor.com,내멋으로,
callor@callor.com,내멋으로,
callor@callor.com,내멋으로,
callor@callor.com,내멋으로,
callor@callor.com,내멋으로,
callor@callor.com,내멋으로,
callor@callor.com,내멋으로,
callor@callor.com,내멋으로,
callor@callor.com,내멋으로,
callor@callor.com,내멋으로,
callor@callor.com,내멋으로,
callor@callor.com,내멋으로,
callor@callor.com,내멋으로,
callor@callor.com,내멋으로,
callor@callor.com,내멋으로,
callor@callor.com,내멋으로,
callor@callor.com,내멋으로,
callor@callor.com,내멋으로,
callor@callor.com,내멋으로,
callor@callor.com,내멋으로,
callor@callor.com,내멋으로,
callor@callor.com,내멋으로,
callor@callor.com,내멋으로,
callor@callor.com,내멋으로,
callor@callor.com,내멋으로,
callor@callor.com,내멋으로,
callor@callor.com,내멋으로,
callor@callor.com,내멋으로,
callor@callor.com,내멋으로,
callor@callor.com,내멋으로,
callor@callor.com,내멋으로,
callor@callor.com,내멋으로,
callor@callor.com,내멋으로,
callor@callor.com,내멋으로,
callor@callor.com,내멋으로,
callor@callor.com,내멋으로,
callor@callor.com,내멋으로,
callor@callor.com,내멋으로,
callor@callor.com,내멋으로,
callor@callor.com,내멋으로,
callor@callor.com,내멋으로,
callor@callor.com,내멋으로,
callor@callor.com,내멋으로,
callor@callor.com,내멋으로,
callor@callor.com,내멋으로,
callor@callor.com,내멋으로,
callor@callor.com,내멋으로,
callor@callor.com,내멋으로,
callor@callor.com,내멋으로,
callor@callor.com,내멋으로,
callor@callor.com,내멋으로,
callor@callor.com,내멋으로,
callor@callor.com,내멋으로,
callor@callor.com,내멋으로,
callor@callor.com,내멋으로,
callor@callor.com,내멋으로,
callor@callor.com,내멋으로,
callor@callor.com,내멋으로,
callor@callor.com,내멋으로,
callor@callor.com,내멋으로,
callor@callor.com,내멋으로,
callor@callor.com,내멋으로,
callor@callor.com,내멋으로,
callor@callor.com,내멋으로,
callor@callor.com,내멋으로,
callor@callor.com,내멋으로,
callor@callor.com,내멋으로,
callor@callor.com,내멋으로,
callor@callor.com,내멋으로,
callor@callor.com,내멋으로,
callor@callor.com,내멋으로,
callor@callor.com,내멋으로,
callor@callor.com,내멋으로,
callor@callor.com,내멋으로,
callor@callor.com,내멋으로,
callor@callor.com,내멋으로,
callor@callor.com,내멋으로,
callor@callor.com,내멋으로,
callor@callor.com,내멋으로,
callor@callor.com,내멋으로,
callor@callor.com,내멋으로,
callor@callor.com,내멋으로,
callor@callor.com,내멋으로,
callor@callor.com,내멋으로,
callor@callor.com,내멋으로,
callor@callor.com,내멋으로,
callor@callor.com,내멋으로,
callor@callor.com,내멋으로,
callor@callor.com,내멋으로,
callor@callor.com,내멋으로,
callor@callor.com,내멋으로,
callor@callor.com,내멋으로,
callor@callor.com,내멋으로,
callor@callor.com,내멋으로,
callor@callor.com,내멋으로,
callor@callor.com,내멋으로,
callor@callor.com,내멋으로,
callor@callor.com,내멋으로,
callor@callor.com,내멋으로,
callor@callor.com,내멋으로,
callor@callor.com,내멋으로,
callor@callor.com,내멋으로,
callor@callor.com,내멋으로,
callor@callor.com,내멋으로,
callor@callor.com,내멋으로,
callor@callor.com,내멋으로,
callor@callor.com,내멋으로,
callor@callor.com,내멋으로,
callor@callor.com,내멋으로,
callor@callor.com,내멋으로,
callor@callor.com,내멋으로,
callor@callor.com,내멋으로,
callor@callor.com,내멋으로,
callor@callor.com,내멋으로,
callor@callor.com,내멋으로,
callor@callor.com,내멋으로,
callor@callor.com,내멋으로,
callor@callor.com,내멋으로,
callor@callor.com,내멋으로,
callor@callor.com,내멋으로,
callor@callor.com,내멋으로,
callor@callor.com,내멋으로,
callor@callor.com,내멋으로,
callor@callor.com,내멋으로,
callor@callor.com,내멋으로,
callor@callor.com,내멋으로,
callor@callor.com,내멋으로,
callor@callor.com,내멋으로,
callor@callor.com,내멋으로,
callor@callor.com,내멋으로,
callor@callor.com,내멋으로,
callor@callor.com,내멋으로,
callor@callor.com,내멋으로,
callor@callor.com,내멋으로,
callor@callor.com,내멋으로,
callor@callor.com,내멋으로,
callor@callor.com,내멋으로,
callor@callor.com,내멋으로,
callor@callor.com,내멋으로,
callor@callor.com,내멋으로,
callor@callor.com,내멋으로,
callor@callor.com,내멋으로,
callor@callor.com,내멋으로,
callor@callor.com,내멋으로,
callor@callor.com,내멋으로,
callor@callor.com,내멋으로,
callor@callor.com,내멋으로,
callor@callor.com,내멋으로,
callor@callor.com,내멋으로,
callor@callor.com,내멋으로,
callor@callor.com,내멋으로,
callor@callor.com,내멋으로,
callor@callor.com,내멋으로,
callor@callor.com,내멋으로,
callor@callor.com,내멋으로,
callor@callor.com,내멋으로,
callor@callor.com,내멋으로,
callor@callor.com,내멋으로,
callor@callor.com,내멋으로,
callor@callor.com,내멋으로,
callor@callor.com,내멋으로,
callor@callor.com,내멋으로,
callor@callor.com,내멋으로,
callor@callor.com,내멋으로,
callor@callor.com,내멋으로,
callor@callor.com,내멋으로,
callor@callor.com,내멋으로,
callor@callor.com,내멋으로,
callor@callor.com,내멋으로,
callor@callor.com,내멋으로,
callor@callor.com,내멋으로,
callor@callor.com,내멋으로,
callor@callor.com,내멋으로,
callor@callor.com,내멋으로,
callor@callor.com,내멋으로,
callor@callor.com,내멋으로,
callor@callor.com,내멋으로,
callor@callor.com,내멋으로,
callor@callor.com,내멋으로,
callor@callor.com,내멋으로,
callor@callor.com,내멋으로,
callor@callor.com,내멋으로,
callor@callor.com,내멋으로,
callor@callor.com,내멋으로,
callor@callor.com,내멋으로,
callor@callor.com,내멋으로,
callor@callor.com,내멋으로,
callor@callor.com,내멋으로,
callor@callor.com,내멋으로,
callor@callor.com,내멋으로,
callor@callor.com,내멋으로,
callor@callor.com,내멋으로,
callor@callor.com,내멋으로,
callor@callor.com,내멋으로,
callor@callor.com,내멋으로,
callor@callor.com,내멋으로,
callor@callor.com,내멋으로,
callor@callor.com,내멋으로,
callor@callor.com,내멋으로,
callor@callor.com,내멋으로,
callor@callor.com,내멋으로,
callor@callor.com,내멋으로,
callor@callor.com,내멋으로,
callor@callor.com,내멋으로,
callor@callor.com,내멋으로,
callor@callor.com,내멋으로,
callor@callor.com,내멋으로,
callor@callor.com,내멋으로,
callor@callor.com,내멋으로,
callor@callor.com,내멋으로,
callor@callor.com,내멋으로,
callor@callor.com,내멋으로,
callor@callor.com,내멋으로,
callor@callor.com,내멋으로,
callor@callor.com,내멋으로,
callor@callor.com,내멋으로,
callor@callor.com,내멋으로,
callor@callor.com,내멋으로,
callor@callor.com,내멋으로,
callor@callor.com,내멋으로,
callor@callor.com,내멋으로,
callor@callor.com,내멋으로,
callor@callor.com,내멋으로,
callor@callor.com,내멋으로,
callor@callor.com,내멋으로,
callor@callor.com,내멋으로,
callor@callor.com,내멋으로,
callor@callor.com,내멋으로,
callor@callor.com,내멋으로,
callor@callor.com,내멋으로,
callor@callor.com,내멋으로,
callor@callor.com,내멋으로,
callor@callor.com,내멋으로,
callor@callor.com,내멋으로,
callor@callor.com,내멋으로,
callor@callor.com,내멋으로,
callor@callor.com,내멋으로,
callor@callor.com,내멋으로,
callor@callor.com,내멋으로,
callor@callor.com,내멋으로,
callor@callor.com,내멋으로,
callor@callor.com,내멋으로,
callor@callor.com,내멋으로,
callor@callor.com,내멋으로,
callor@callor.com,내멋으로,
callor@callor.com,내멋으로,
callor@callor.com,내멋으로,
callor@callor.com,내멋으로,
callor@callor.com,내멋으로,
callor@callor.com,내멋으로,
callor@callor.com,내멋으로,
callor@callor.com,내멋으로,
callor@callor.com,내멋으로,
callor@callor.com,내멋으로,
callor@callor.com,내멋으로,
callor@callor.com,내멋으로,
callor@callor.com,내멋으로,
callor@callor.com,내멋으로,
callor@callor.com,내멋으로,
callor@callor.com,내멋으로,
callor@callor.com,내멋으로,
callor@callor.com,내멋으로,
callor@callor.com,내멋으로,
callor@callor.com,내멋으로,
callor@callor.com,내멋으로,
callor@callor.com,내멋으로,
callor@callor.com,내멋으로,
callor@callor.com,내멋으로,
callor@callor.com,내멋으로,
callor@callor.com,내멋으로,
callor@callor.com,내멋으로,
callor@callor.com,내멋으로,
callor@callor.com,내멋으로,
callor@callor.com,내멋으로,
callor@callor.com,내멋으로,
callor@callor.com,내멋으로,
callor@callor.com,내멋으로,
callor@callor.com,내멋으로,
callor@callor.com,내멋으로,
callor@callor.com,내멋으로,
callor@callor.com,내멋으로,
callor@callor.com,내멋으로,
callor@callor.com,내멋으로,
callor@callor.com,내멋으로,
callor@callor.com,내멋으로,
callor@callor.com,내멋으로,
callor@callor.com,내멋으로,
callor@callor.com,내멋으로,
callor@callor.com,내멋으로,
callor@callor.com,내멋으로,
callor@callor.com,내멋으로,
callor@callor.com,내멋으로,
callor@callor.com,내멋으로,
callor@callor.com,내멋으로,
callor@callor.com,내멋으로,
callor@callor.com,내멋으로,
callor@callor.com,내멋으로,
callor@callor.com,내멋으로,
callor@callor.com,내멋으로,
callor@callor.com,내멋으로,
callor@callor.com,내멋으로,
callor@callor.com,내멋으로,
callor@callor.com,내멋으로,
callor@callor.com,내멋으로,
callor@callor.com,내멋으로,
callor@callor.com,내멋으로,
callor@callor.com,내멋으로,
callor@callor.com,내멋으로,
callor@callor.com,내멋으로,
callor@callor.com,내멋으로,
callor@callor.com,내멋으로,
callor@callor.com,내멋으로,
callor@callor.com,내멋으로,
callor@callor.com,내멋으로,
callor@callor.com,내멋으로,
callor@callor.com,내멋으로,
callor@callor.com,내멋으로,
callor@callor.com,내멋으로,
callor@callor.com,내멋으로,
callor@callor.com,내멋으로,
callor@callor.com,내멋으로,
callor@callor.com,내멋으로,
callor@callor.com,내멋으로,
callor@callor.com,내멋으로,
callor@callor.com,내멋으로,
callor@callor.com,내멋으로,
callor@callor.com,내멋으로,
callor@callor.com,내멋으로,
callor@callor.com,내멋으로,
callor@callor.com,내멋으로,
callor@callor.com,내멋으로,
callor@callor.com,내멋으로,
callor@callor.com,내멋으로,
callor@callor.com,내멋으로,
callor@callor.com,내멋으로,
callor@callor.com,내멋으로,
callor@callor.com,내멋으로,
callor@callor.com,내멋으로,
callor@callor.com,내멋으로,
callor@callor.com,내멋으로,
callor@callor.com,내멋으로,
callor@callor.com,내멋으로,
callor@callor.com,내멋으로,
callor@callor.com,내멋으로,
callor@callor.com,내멋으로,
callor@callor.com,내멋으로,
callor@callor.com,내멋으로,
callor@callor.com,내멋으로,
callor@callor.com,내멋으로,
callor@callor.com,내멋으로,
callor@callor.com,내멋으로,
callor@callor.com,내멋으로,
callor@callor.com,내멋으로,
callor@callor.com,내멋으로,
callor@callor.com,내멋으로,
callor@callor.com,내멋으로,
callor@callor.com,내멋으로,
callor@callor.com,내멋으로,
callor@callor.com,내멋으로,
callor@callor.com,내멋으로,
callor@callor.com,내멋으로,
